Model,AUC,Accuracy,F1
Random Forest,0.9870989504397553,0.9793176840741541,0.9856658297236642
Logistic Regression,0.864249557861915,0.9463239149881243,0.9674457615876116
Gradient Boosted Trees,0.968908172459428,0.9758629198926555,0.9837050367254516
